{"region_distribution": {"Saint-Petersburg": 33.33333333333333, "Sochi": 33.33333333333333, "Moscow": 33.33333333333333}, "average_age": 18.0, "online_times": {"<2 days": 0.0, "<1 week": 0.0, "<1 month": 0.0, ">6 months": 0.3333333333333333}}